# t,x,y,z,pose_age
1790844990.6346,-0.1277,-0.0217,0.0351,0.0106
1790844990.6848,-0.1277,-0.0217,0.0351,0.0010
1790844990.7350,-0.1277,-0.0217,0.0351,0.0111
1790844990.7851,-0.1277,-0.0217,0.0351,0.0006
1790844990.8354,-0.1277,-0.0217,0.0352,0.0108
1790844990.8855,-0.1277,-0.0217,0.0352,0.0016
1790844990.9357,-0.1277,-0.0217,0.0352,0.0117
1790844990.9859,-0.1276,-0.0218,0.0351,0.0020
1790844991.0360,-0.1276,-0.0218,0.0352,0.0123
1790844991.0862,-0.1276,-0.0218,0.0352,0.0020
1790844991.1363,-0.1277,-0.0217,0.0352,0.0124
1790844991.1865,-0.1277,-0.0216,0.0352,0.0029
1790844991.2367,-0.1277,-0.0217,0.0352,0.0128
1790844991.2869,-0.1277,-0.0217,0.0353,0.0032
1790844991.3370,-0.1276,-0.0218,0.0352,0.0134
1790844991.3873,-0.1276,-0.0218,0.0351,0.0035
1790844991.4375,-0.1276,-0.0218,0.0351,0.0135
1790844991.4878,-0.1276,-0.0217,0.0352,0.0038
1790844991.5379,-0.1276,-0.0217,0.0351,0.0142
1790844991.5881,-0.1277,-0.0216,0.0352,0.0042
1790844991.6383,-0.1277,-0.0216,0.0353,0.0144
1790844991.6886,-0.1276,-0.0217,0.0352,0.0044
1790844991.7388,-0.1276,-0.0216,0.0354,0.0146
1790844991.7891,-0.1278,-0.0212,0.0360,0.0051
1790844991.8393,-0.1281,-0.0207,0.0367,0.0139
1790844991.8895,-0.1289,-0.0193,0.0388,0.0054
1790844991.9397,-0.1295,-0.0182,0.0408,0.0156
1790844991.9899,-0.1299,-0.0163,0.0452,0.0059
1790844992.0401,-0.1296,-0.0152,0.0492,0.0162
1790844992.0903,-0.1293,-0.0134,0.0563,0.0063
1790844992.1405,-0.1290,-0.0122,0.0617,0.0165
1790844992.1908,-0.1283,-0.0111,0.0712,0.0069
1790844992.2410,-0.1280,-0.0106,0.0787,0.0171
1790844992.2912,-0.1278,-0.0103,0.0918,0.0068
1790844992.3414,-0.1281,-0.0104,0.1018,0.0173
1790844992.3916,-0.1293,-0.0106,0.1184,0.0076
1790844992.4418,-0.1306,-0.0109,0.1302,0.0178
1790844992.4920,-0.1336,-0.0113,0.1496,0.0071
1790844992.5422,-0.1364,-0.0118,0.1636,0.0182
1790844992.5924,-0.1414,-0.0123,0.1865,0.0085
1790844992.6426,-0.1452,-0.0127,0.2033,0.0188
1790844992.6928,-0.1511,-0.0130,0.2310,0.0091
1790844992.7430,-0.1550,-0.0131,0.2513,0.0189
1790844992.7932,-0.1603,-0.0131,0.2842,0.0096
1790844992.8434,-0.1633,-0.0128,0.3080,0.0197
1790844992.8935,-0.1669,-0.0122,0.3458,0.0098
1790844992.9437,-0.1685,-0.0117,0.3724,0.0199
1790844992.9939,-0.1698,-0.0110,0.4143,0.0101
1790844993.0441,-0.1698,-0.0103,0.4579,0.0002
1790844993.0943,-0.1693,-0.0102,0.4879,0.0105
1790844993.1444,-0.1679,-0.0105,0.5339,0.0004
1790844993.1947,-0.1668,-0.0110,0.5651,0.0108
1790844993.2448,-0.1653,-0.0125,0.6125,0.0011
1790844993.2951,-0.1644,-0.0138,0.6442,0.0113
1790844993.3453,-0.1635,-0.0162,0.6914,0.0010
1790844993.3955,-0.1630,-0.0179,0.7224,0.0117
1790844993.4456,-0.1625,-0.0209,0.7681,0.0020
1790844993.4959,-0.1624,-0.0232,0.7979,0.0122
1790844993.5460,-0.1623,-0.0271,0.8417,0.0019
1790844993.5962,-0.1622,-0.0299,0.8700,0.0126
1790844993.6464,-0.1621,-0.0345,0.9113,0.0027
1790844993.6966,-0.1618,-0.0376,0.9380,0.0114
1790844993.7468,-0.1612,-0.0421,0.9764,0.0030
1790844993.7970,-0.1606,-0.0450,1.0010,0.0129
1790844993.8472,-0.1591,-0.0488,1.0361,0.0034
1790844993.8973,-0.1578,-0.0509,1.0582,0.0132
1790844993.9475,-0.1550,-0.0535,1.0892,0.0034
1790844993.9978,-0.1529,-0.0547,1.1084,0.0141
1790844994.0479,-0.1491,-0.0559,1.1351,0.0042
1790844994.0981,-0.1463,-0.0564,1.1516,0.0135
1790844994.1483,-0.1416,-0.0562,1.1745,0.0044
1790844994.1986,-0.1384,-0.0556,1.1884,0.0149
1790844994.2488,-0.1337,-0.0538,1.2073,0.0051
1790844994.2991,-0.1304,-0.0519,1.2188,0.0152
1790844994.3493,-0.1263,-0.0484,1.2341,0.0055
1790844994.3995,-0.1240,-0.0454,1.2431,0.0157
1790844994.4497,-0.1214,-0.0403,1.2553,0.0060
1790844994.4998,-0.1203,-0.0364,1.2625,0.0153
1790844994.5501,-0.1197,-0.0304,1.2721,0.0063
1790844994.6002,-0.1197,-0.0263,1.2777,0.0163
1790844994.6505,-0.1204,-0.0203,1.2849,0.0064
1790844994.7005,-0.1213,-0.0165,1.2889,0.0166
1790844994.7507,-0.1229,-0.0114,1.2941,0.0067
1790844994.8010,-0.1244,-0.0085,1.2970,0.0171
1790844994.8511,-0.1266,-0.0049,1.3005,0.0074
1790844994.9013,-0.1282,-0.0029,1.3026,0.0174
1790844994.9516,-0.1304,-0.0009,1.3050,0.0077
1790844995.0018,-0.1318,0.0000,1.3062,0.0168
1790844995.0520,-0.1334,0.0006,1.3075,0.0085
1790844995.1021,-0.1344,0.0006,1.3082,0.0160
1790844995.1523,-0.1355,0.0001,1.3088,0.0086
1790844995.2025,-0.1360,-0.0005,1.3091,0.0187
1790844995.2527,-0.1364,-0.0018,1.3091,0.0089
1790844995.3029,-0.1367,-0.0030,1.3087,0.0190
1790844995.3531,-0.1371,-0.0051,1.3078,0.0094
1790844995.4034,-0.1373,-0.0069,1.3070,0.0199
1790844995.4535,-0.1379,-0.0101,1.3056,0.0099
1790844995.5038,-0.1387,-0.0137,1.3040,0.0002
1790844995.5541,-0.1394,-0.0164,1.3030,0.0102
1790844995.6043,-0.1407,-0.0205,1.3017,0.0003
1790844995.6547,-0.1416,-0.0231,1.3012,0.0108
1790844995.7048,-0.1428,-0.0263,1.3008,0.0000
1790844995.7550,-0.1432,-0.0280,1.3009,0.0111
1790844995.8052,-0.1431,-0.0297,1.3012,0.0014
1790844995.8553,-0.1426,-0.0303,1.3016,0.0110
1790844995.9055,-0.1412,-0.0303,1.3024,0.0017
1790844995.9556,-0.1400,-0.0299,1.3031,0.0120
1790844996.0058,-0.1376,-0.0288,1.3043,0.0022
1790844996.0560,-0.1359,-0.0278,1.3052,0.0113
1790844996.1062,-0.1332,-0.0260,1.3067,0.0021
1790844996.1564,-0.1314,-0.0247,1.3076,0.0126
1790844996.2066,-0.1290,-0.0229,1.3090,0.0027
1790844996.2568,-0.1275,-0.0217,1.3098,0.0121
1790844996.3070,-0.1263,-0.0206,1.3106,0.0232
1790844996.3574,-0.1249,-0.0190,1.3118,0.0136
1790844996.4076,-0.1239,-0.0177,1.3129,0.0038
1790844996.4578,-0.1235,-0.0168,1.3135,0.0133
1790844996.5081,-0.1232,-0.0156,1.3143,0.0044
1790844996.5583,-0.1232,-0.0147,1.3145,0.0145
1790844996.6085,-0.1232,-0.0130,1.3148,0.0047
1790844996.6587,-0.1233,-0.0115,1.3147,0.0148
1790844996.7089,-0.1235,-0.0089,1.3144,0.0049
1790844996.7591,-0.1237,-0.0068,1.3141,0.0154
1790844996.8093,-0.1240,-0.0033,1.3135,0.0055
1790844996.8594,-0.1243,-0.0008,1.3131,0.0156
1790844996.9097,-0.1246,0.0032,1.3126,0.0055
1790844996.9599,-0.1250,0.0057,1.3123,0.0162
1790844997.0101,-0.1256,0.0093,1.3118,0.0059
1790844997.0602,-0.1261,0.0115,1.3115,0.0164
1790844997.1105,-0.1268,0.0143,1.3108,0.0066
1790844997.1607,-0.1272,0.0160,1.3102,0.0168
1790844997.2109,-0.1276,0.0179,1.3091,0.0070
1790844997.2610,-0.1277,0.0188,1.3083,0.0174
1790844997.3112,-0.1277,0.0197,1.3070,0.0071
1790844997.3614,-0.1275,0.0199,1.3061,0.0175
1790844997.4115,-0.1268,0.0197,1.3048,0.0077
1790844997.4617,-0.1261,0.0194,1.3038,0.0177
1790844997.5119,-0.1249,0.0188,1.3023,0.0084
1790844997.5620,-0.1238,0.0181,1.3014,0.0182
1790844997.6122,-0.1221,0.0169,1.3000,0.0086
1790844997.6623,-0.1208,0.0160,1.2991,0.0187
1790844997.7125,-0.1187,0.0146,1.2977,0.0087
1790844997.7626,-0.1171,0.0136,1.2968,0.0186
1790844997.8128,-0.1144,0.0121,1.2954,0.0093
1790844997.8630,-0.1123,0.0112,1.2944,0.0191
1790844997.9133,-0.1091,0.0100,1.2928,0.0094
1790844997.9634,-0.1066,0.0093,1.2917,0.0197
1790844998.0137,-0.1028,0.0086,1.2900,0.0093
1790844998.0638,-0.1001,0.0083,1.2889,0.0203
1790844998.1141,-0.0959,0.0081,1.2873,0.0099
1790844998.1642,-0.0912,0.0088,1.2861,0.0006
1790844998.2145,-0.0876,0.0098,1.2852,0.0091
1790844998.2648,-0.0819,0.0116,1.2842,0.0002
1790844998.3150,-0.0779,0.0132,1.2836,0.0111
1790844998.3652,-0.0714,0.0158,1.2827,0.0015
1790844998.4154,-0.0669,0.0174,1.2822,0.0115
1790844998.4656,-0.0599,0.0198,1.2814,0.0017
1790844998.5159,-0.0551,0.0212,1.2808,0.0120
1790844998.5660,-0.0478,0.0228,1.2798,0.0004
1790844998.6163,-0.0430,0.0238,1.2792,0.0125
1790844998.6665,-0.0355,0.0250,1.2784,0.0010
1790844998.7167,-0.0308,0.0257,1.2779,0.0129
1790844998.7670,-0.0233,0.0268,1.2772,0.0031
1790844998.8172,-0.0182,0.0276,1.2768,0.0134
1790844998.8675,-0.0107,0.0292,1.2763,0.0035
1790844998.9177,-0.0055,0.0304,1.2760,0.0138
1790844998.9679,0.0024,0.0325,1.2755,0.0040
1790844999.0182,0.0078,0.0341,1.2753,0.0135
1790844999.0683,0.0162,0.0368,1.2751,0.0040
1790844999.1185,0.0220,0.0387,1.2749,0.0145
1790844999.1686,0.0309,0.0419,1.2746,0.0048
1790844999.2188,0.0371,0.0441,1.2744,0.0144
1790844999.2690,0.0466,0.0476,1.2740,0.0047
1790844999.3191,0.0532,0.0501,1.2736,0.0153
1790844999.3693,0.0634,0.0540,1.2729,0.0036
1790844999.4195,0.0703,0.0567,1.2723,0.0155
1790844999.4697,0.0810,0.0609,1.2715,0.0052
1790844999.5200,0.0882,0.0637,1.2709,0.0162
1790844999.5701,0.0991,0.0680,1.2697,0.0063
1790844999.6204,0.1067,0.0708,1.2689,0.0164
1790844999.6706,0.1182,0.0750,1.2675,0.0070
1790844999.7209,0.1261,0.0776,1.2666,0.0172
1790844999.7711,0.1382,0.0815,1.2652,0.0071
1790844999.8213,0.1464,0.0840,1.2641,0.0174
1790844999.8716,0.1586,0.0875,1.2625,0.0074
1790844999.9218,0.1667,0.0898,1.2613,0.0179
1790844999.9720,0.1788,0.0932,1.2596,0.0080
1790845000.0221,0.1868,0.0955,1.2584,0.0179
1790845000.0724,0.1987,0.0989,1.2565,0.0085
1790845000.1226,0.2066,0.1011,1.2552,0.0188
1790845000.1728,0.2186,0.1045,1.2534,0.0090
1790845000.2230,0.2267,0.1069,1.2524,0.0190
1790845000.2732,0.2391,0.1107,1.2512,0.0093
1790845000.3233,0.2476,0.1135,1.2506,0.0174
1790845000.3735,0.2606,0.1180,1.2499,0.0099
1790845000.4237,0.2695,0.1213,1.2495,0.0197
1790845000.4740,0.2831,0.1265,1.2489,0.0100
1790845000.5241,0.2923,0.1301,1.2485,0.0204
1790845000.5742,0.3062,0.1354,1.2479,0.0104
1790845000.6244,0.3203,0.1404,1.2471,0.0006
1790845000.6746,0.3297,0.1435,1.2464,0.0106
1790845000.7247,0.3436,0.1478,1.2454,0.0006
1790845000.7749,0.3529,0.1505,1.2446,0.0112
1790845000.8251,0.3666,0.1544,1.2436,0.0014
1790845000.8753,0.3755,0.1570,1.2431,0.0113
1790845000.9254,0.3887,0.1610,1.2426,0.0014
1790845000.9756,0.3975,0.1637,1.2424,0.0114
1790845001.0259,0.4105,0.1681,1.2421,0.0022
1790845001.0762,0.4192,0.1712,1.2420,0.0124
1790845001.1264,0.4321,0.1764,1.2419,0.0027
1790845001.1765,0.4405,0.1800,1.2417,0.0127
1790845001.2267,0.4531,0.1859,1.2413,0.0030
1790845001.2769,0.4614,0.1901,1.2410,0.0128
1790845001.3271,0.4735,0.1963,1.2407,0.0023
1790845001.3773,0.4812,0.2003,1.2403,0.0133
1790845001.4275,0.4922,0.2062,1.2397,0.0014
1790845001.4778,0.4991,0.2098,1.2392,0.0127
1790845001.5279,0.5084,0.2148,1.2380,0.0042
1790845001.5782,0.5139,0.2178,1.2370,0.0146
1790845001.6284,0.5213,0.2218,1.2355,0.0047
1790845001.6786,0.5255,0.2242,1.2347,0.0148
1790845001.7289,0.5309,0.2275,1.2333,0.0051
1790845001.7791,0.5339,0.2294,1.2325,0.0132
1790845001.8293,0.5378,0.2321,1.2314,0.0056
1790845001.8795,0.5400,0.2336,1.2307,0.0156
1790845001.9297,0.5433,0.2358,1.2297,0.0061
1790845001.9800,0.5453,0.2371,1.2288,0.0163
1790845002.0302,0.5485,0.2393,1.2276,0.0065
1790845002.0804,0.5508,0.2408,1.2267,0.0166
1790845002.1307,0.5545,0.2434,1.2255,0.0071
1790845002.1808,0.5571,0.2454,1.2247,0.0152
1790845002.2310,0.5613,0.2487,1.2238,0.0071
1790845002.2813,0.5644,0.2510,1.2233,0.0176
1790845002.3315,0.5694,0.2542,1.2226,0.0075
1790845002.3817,0.5729,0.2563,1.2221,0.0176
1790845002.4319,0.5782,0.2589,1.2217,0.0069
1790845002.4821,0.5818,0.2603,1.2214,0.0182
1790845002.5323,0.5872,0.2616,1.2211,0.0083
1790845002.5826,0.5906,0.2621,1.2207,0.0190
1790845002.6328,0.5953,0.2621,1.2202,0.0087
1790845002.6830,0.5981,0.2618,1.2198,0.0190
1790845002.7332,0.6017,0.2611,1.2192,0.0094
1790845002.7833,0.6036,0.2606,1.2189,0.0195
1790845002.8335,0.6061,0.2599,1.2185,0.0096
1790845002.8837,0.6074,0.2596,1.2184,0.0198
1790845002.9339,0.6090,0.2595,1.2184,0.0102
1790845002.9841,0.6103,0.2596,1.2183,0.0002
1790845003.0344,0.6112,0.2599,1.2184,0.0103
1790845003.0845,0.6126,0.2603,1.2186,0.0007
1790845003.1348,0.6136,0.2604,1.2187,0.0110
1790845003.1849,0.6152,0.2603,1.2189,0.0011
1790845003.2352,0.6163,0.2599,1.2190,0.0114
1790845003.2854,0.6182,0.2587,1.2190,0.0014
1790845003.3356,0.6194,0.2577,1.2188,0.0118
1790845003.3858,0.6214,0.2557,1.2185,0.0020
1790845003.4360,0.6226,0.2542,1.2182,0.0115
1790845003.4862,0.6242,0.2518,1.2178,0.0022
1790845003.5363,0.6253,0.2503,1.2175,0.0126
1790845003.5864,0.6266,0.2479,1.2172,0.0027
1790845003.6365,0.6275,0.2463,1.2170,0.0128
1790845003.6866,0.6289,0.2442,1.2166,0.0029
1790845003.7368,0.6298,0.2430,1.2164,0.0132
1790845003.7870,0.6314,0.2416,1.2161,0.0035
1790845003.8373,0.6325,0.2410,1.2160,0.0132
1790845003.8875,0.6342,0.2405,1.2159,0.0038
1790845003.9378,0.6353,0.2404,1.2157,0.0140
1790845003.9879,0.6368,0.2406,1.2156,0.0041
1790845004.0381,0.6376,0.2408,1.2155,0.0142
1790845004.0883,0.6383,0.2411,1.2152,0.0044
1790845004.1385,0.6384,0.2412,1.2149,0.0148
1790845004.1887,0.6384,0.2412,1.2141,0.0053
1790845004.2389,0.6381,0.2411,1.2135,0.0152
1790845004.2891,0.6374,0.2409,1.2128,0.0054
1790845004.3393,0.6368,0.2408,1.2124,0.0154
1790845004.3894,0.6359,0.2408,1.2120,0.0058
1790845004.4397,0.6354,0.2409,1.2121,0.0158
1790845004.4899,0.6349,0.2415,1.2124,0.0064
1790845004.5401,0.6347,0.2421,1.2128,0.0161
1790845004.5902,0.6348,0.2433,1.2137,0.0064
1790845004.6404,0.6350,0.2443,1.2143,0.0168
1790845004.6906,0.6356,0.2457,1.2153,0.0066
1790845004.7408,0.6363,0.2466,1.2159,0.0172
1790845004.7910,0.6372,0.2479,1.2167,0.0074
1790845004.8413,0.6379,0.2485,1.2171,0.0170
1790845004.8917,0.6388,0.2492,1.2175,0.0078
1790845004.9419,0.6391,0.2496,1.2175,0.0182
1790845004.9921,0.6392,0.2499,1.2170,0.0084
1790845005.0423,0.6389,0.2500,1.2165,0.0181
1790845005.0925,0.6380,0.2503,1.2157,0.0089
1790845005.1427,0.6371,0.2507,1.2152,0.0190
1790845005.1928,0.6354,0.2520,1.2149,0.0092
1790845005.2430,0.6342,0.2532,1.2149,0.0193
1790845005.2933,0.6327,0.2554,1.2152,0.0094
1790845005.3435,0.6316,0.2581,1.2159,0.0000
1790845005.3936,0.6312,0.2602,1.2166,0.0100
1790845005.4438,0.6308,0.2635,1.2178,0.0002
1790845005.4941,0.6308,0.2658,1.2190,0.0104
1790845005.5443,0.6310,0.2690,1.2214,0.0008
1790845005.5946,0.6312,0.2709,1.2233,0.0110
1790845005.6447,0.6315,0.2734,1.2267,0.0011
1790845005.6949,0.6316,0.2748,1.2292,0.0110
1790845005.7451,0.6316,0.2763,1.2337,0.0015
1790845005.7953,0.6313,0.2770,1.2369,0.0117
1790845005.8455,0.6306,0.2773,1.2419,0.0018
1790845005.8956,0.6300,0.2771,1.2455,0.0120
1790845005.9458,0.6290,0.2763,1.2513,0.0022
1790845005.9960,0.6282,0.2756,1.2553,0.0126
1790845006.0462,0.6272,0.2746,1.2616,0.0023
1790845006.0964,0.6267,0.2740,1.2660,0.0126
1790845006.1466,0.6262,0.2736,1.2728,0.0028
1790845006.1968,0.6261,0.2736,1.2773,0.0122
1790845006.2470,0.6261,0.2737,1.2836,0.0033
1790845006.2972,0.6265,0.2738,1.2875,0.0137
1790845006.3474,0.6273,0.2740,1.2929,0.0038
1790845006.3977,0.6279,0.2741,1.2961,0.0141
1790845006.4479,0.6292,0.2745,1.3003,0.0037
1790845006.4982,0.6302,0.2748,1.3028,0.0144
1790845006.5484,0.6317,0.2754,1.3060,0.0043
1790845006.5986,0.6328,0.2759,1.3080,0.0146
1790845006.6488,0.6344,0.2769,1.3104,0.0050
1790845006.6990,0.6354,0.2776,1.3117,0.0153
1790845006.7492,0.6367,0.2788,1.3133,0.0055
1790845006.7995,0.6374,0.2794,1.3140,0.0158
1790845006.8497,0.6382,0.2802,1.3148,0.0057
1790845006.8999,0.6384,0.2804,1.3152,0.0162
1790845006.9501,0.6384,0.2799,1.3155,0.0063
1790845007.0004,0.6382,0.2791,1.3156,0.0167
1790845007.0506,0.6378,0.2770,1.3154,0.0066
1790845007.1007,0.6375,0.2750,1.3151,0.0171
1790845007.1510,0.6370,0.2714,1.3145,0.0072
1790845007.2012,0.6367,0.2685,1.3140,0.0173
1790845007.2514,0.6364,0.2636,1.3133,0.0078
1790845007.3016,0.6363,0.2603,1.3128,0.0180
1790845007.3518,0.6362,0.2553,1.3121,0.0080
1790845007.4020,0.6362,0.2520,1.3118,0.0182
1790845007.4522,0.6364,0.2473,1.3114,0.0081
1790845007.5024,0.6366,0.2445,1.3111,0.0187
1790845007.5526,0.6369,0.2408,1.3110,0.0087
1790845007.6028,0.6370,0.2388,1.3110,0.0189
1790845007.6530,0.6373,0.2366,1.3110,0.0091
1790845007.7033,0.6374,0.2356,1.3111,0.0194
1790845007.7534,0.6379,0.2347,1.3112,0.0091
1790845007.8037,0.6387,0.2347,1.3114,0.0000
1790845007.8538,0.6393,0.2350,1.3115,0.0098
1790845007.9039,0.6405,0.2358,1.3116,0.0003
1790845007.9542,0.6413,0.2364,1.3117,0.0108
1790845008.0044,0.6424,0.2372,1.3116,0.0006
1790845008.0547,0.6428,0.2376,1.3115,0.0108
1790845008.1049,0.6433,0.2378,1.3112,0.0012
1790845008.1550,0.6434,0.2377,1.3110,0.0114
1790845008.2053,0.6433,0.2374,1.3107,0.0018
1790845008.2556,0.6431,0.2370,1.3107,0.0118
1790845008.3058,0.6426,0.2365,1.3107,0.0021
1790845008.3560,0.6421,0.2361,1.3109,0.0123
1790845008.4062,0.6413,0.2357,1.3111,0.0024
1790845008.4564,0.6406,0.2356,1.3114,0.0128
1790845008.5066,0.6393,0.2359,1.3117,0.0028
1790845008.5568,0.6384,0.2363,1.3118,0.0128
1790845008.6070,0.6369,0.2374,1.3119,0.0024
1790845008.6572,0.6359,0.2385,1.3118,0.0135
1790845008.7074,0.6345,0.2404,1.3115,0.0035
1790845008.7577,0.6337,0.2420,1.3113,0.0139
1790845008.8079,0.6326,0.2444,1.3109,0.0023
1790845008.8581,0.6320,0.2460,1.3106,0.0144
1790845008.9084,0.6311,0.2485,1.3104,0.0045
1790845008.9585,0.6307,0.2501,1.3104,0.0146
1790845009.0088,0.6302,0.2525,1.3106,0.0050
1790845009.0590,0.6298,0.2540,1.3109,0.0154
1790845009.1092,0.6293,0.2561,1.3114,0.0056
1790845009.1594,0.6290,0.2573,1.3118,0.0147
1790845009.2097,0.6284,0.2589,1.3126,0.0058
1790845009.2599,0.6279,0.2597,1.3131,0.0162
1790845009.3100,0.6273,0.2608,1.3140,0.0060
1790845009.3602,0.6269,0.2614,1.3146,0.0166
1790845009.4104,0.6263,0.2622,1.3155,0.0065
1790845009.4606,0.6259,0.2627,1.3162,0.0168
1790845009.5108,0.6253,0.2635,1.3176,0.0071
1790845009.5611,0.6248,0.2642,1.3188,0.0165
1790845009.6112,0.6242,0.2652,1.3212,0.0072
1790845009.6615,0.6238,0.2658,1.3230,0.0176
1790845009.7116,0.6232,0.2666,1.3263,0.0079
1790845009.7617,0.6229,0.2669,1.3288,0.0178
1790845009.8120,0.6224,0.2671,1.3332,0.0080
1790845009.8622,0.6220,0.2672,1.3366,0.0181
1790845009.9124,0.6212,0.2670,1.3424,0.0085
1790845009.9625,0.6207,0.2667,1.3467,0.0187
1790845010.0127,0.6197,0.2660,1.3535,0.0089
1790845010.0629,0.6190,0.2655,1.3582,0.0191
1790845010.1131,0.6180,0.2645,1.3653,0.0091
1790845010.1632,0.6174,0.2638,1.3701,0.0192
1790845010.2134,0.6166,0.2625,1.3770,0.0097
1790845010.2635,0.6161,0.2616,1.3814,0.0196
1790845010.3138,0.6156,0.2605,1.3876,0.0100
1790845010.3641,0.6155,0.2595,1.3933,0.0004
1790845010.4143,0.6157,0.2589,1.3968,0.0105
1790845010.4645,0.6165,0.2581,1.4017,0.0007
1790845010.5147,0.6174,0.2576,1.4046,0.0110
1790845010.5649,0.6189,0.2570,1.4084,0.0014
1790845010.6151,0.6201,0.2568,1.4106,0.0112
1790845010.6653,0.6220,0.2566,1.4133,0.0017
1790845010.7155,0.6232,0.2568,1.4149,0.0116
1790845010.7657,0.6249,0.2571,1.4168,0.0016
1790845010.8160,0.6260,0.2576,1.4178,0.0122
1790845010.8662,0.6274,0.2583,1.4189,0.0023
1790845010.9163,0.6283,0.2589,1.4194,0.0125
1790845010.9665,0.6294,0.2594,1.4197,0.0028
1790845011.0168,0.6300,0.2597,1.4198,0.0128
1790845011.0669,0.6307,0.2599,1.4197,0.0029
1790845011.1171,0.6309,0.2599,1.4193,0.0135
1790845011.1673,0.6309,0.2595,1.4186,0.0030
1790845011.2176,0.6307,0.2591,1.4181,0.0138
1790845011.2677,0.6303,0.2582,1.4172,0.0039
1790845011.3180,0.6297,0.2573,1.4167,0.0142
1790845011.3682,0.6287,0.2560,1.4160,0.0045
1790845011.4184,0.6279,0.2548,1.4156,0.0148
1790845011.4687,0.6267,0.2532,1.4151,0.0045
1790845011.5189,0.6257,0.2520,1.4149,0.0152
1790845011.5691,0.6243,0.2503,1.4147,0.0053
1790845011.6192,0.6233,0.2491,1.4147,0.0153
1790845011.6694,0.6218,0.2474,1.4146,0.0055
1790845011.7196,0.6208,0.2464,1.4145,0.0158
1790845011.7698,0.6196,0.2449,1.4145,0.0061
1790845011.8200,0.6188,0.2440,1.4144,0.0162
1790845011.8703,0.6179,0.2430,1.4143,0.0065
1790845011.9205,0.6174,0.2425,1.4142,0.0168
1790845011.9708,0.6170,0.2421,1.4142,0.0071
1790845012.0210,0.6170,0.2421,1.4142,0.0172
1790845012.0712,0.6172,0.2423,1.4142,0.0075
1790845012.1214,0.6175,0.2426,1.4141,0.0177
1790845012.1716,0.6182,0.2433,1.4139,0.0079
1790845012.2218,0.6187,0.2439,1.4137,0.0179
1790845012.2720,0.6196,0.2450,1.4137,0.0082
1790845012.3222,0.6201,0.2458,1.4137,0.0185
1790845012.3724,0.6209,0.2468,1.4139,0.0080
1790845012.4226,0.6214,0.2474,1.4139,0.0185
1790845012.4728,0.6221,0.2481,1.4140,0.0092
1790845012.5230,0.6224,0.2485,1.4140,0.0194
1790845012.5732,0.6229,0.2488,1.4140,0.0090
1790845012.6234,0.6233,0.2489,1.4139,0.0195
1790845012.6735,0.6237,0.2492,1.4137,0.0099
1790845012.7238,0.6241,0.2493,1.4137,0.0000
1790845012.7738,0.6244,0.2496,1.4137,0.0103
1790845012.8241,0.6248,0.2502,1.4138,0.0004
1790845012.8742,0.6250,0.2508,1.4139,0.0104
1790845012.9246,0.6254,0.2521,1.4140,0.0008
1790845012.9748,0.6256,0.2531,1.4139,0.0112
1790845013.0250,0.6258,0.2549,1.4139,0.0003
1790845013.0752,0.6260,0.2563,1.4138,0.0116
1790845013.1254,0.6263,0.2586,1.4138,0.0015
1790845013.1756,0.6266,0.2602,1.4138,0.0106
1790845013.2258,0.6269,0.2626,1.4139,0.0018
1790845013.2760,0.6271,0.2642,1.4139,0.0123
1790845013.3262,0.6273,0.2665,1.4143,0.0022
1790845013.3764,0.6274,0.2678,1.4147,0.0125
1790845013.4266,0.6274,0.2697,1.4156,0.0026
1790845013.4768,0.6274,0.2710,1.4165,0.0121
1790845013.5270,0.6274,0.2726,1.4180,0.0030
1790845013.5772,0.6271,0.2735,1.4192,0.0136
1790845013.6274,0.6268,0.2748,1.4216,0.0034
1790845013.6776,0.6264,0.2757,1.4234,0.0139
1790845013.7277,0.6255,0.2772,1.4268,0.0039
1790845013.7780,0.6249,0.2784,1.4293,0.0139
1790845013.8282,0.6236,0.2802,1.4338,0.0042
1790845013.8784,0.6228,0.2816,1.4370,0.0141
1790845013.9286,0.6217,0.2837,1.4424,0.0045
1790845013.9788,0.6210,0.2850,1.4463,0.0149
1790845014.0289,0.6201,0.2867,1.4527,0.0053
1790845014.0791,0.6197,0.2876,1.4571,0.0153
1790845014.1292,0.6191,0.2886,1.4637,0.0055
1790845014.1794,0.6187,0.2889,1.4682,0.0156
1790845014.2296,0.6178,0.2887,1.4748,0.0061
1790845014.2798,0.6170,0.2882,1.4792,0.0161
1790845014.3300,0.6154,0.2866,1.4854,0.0064
1790845014.3801,0.6141,0.2850,1.4894,0.0162
1790845014.4303,0.6119,0.2819,1.4951,0.0065
1790845014.4805,0.6104,0.2792,1.4986,0.0168
1790845014.5308,0.6083,0.2745,1.5034,0.0073
1790845014.5810,0.6071,0.2706,1.5061,0.0171
1790845014.6313,0.6057,0.2643,1.5097,0.0076
1790845014.6815,0.6052,0.2598,1.5116,0.0179
1790845014.7317,0.6052,0.2529,1.5136,0.0074
1790845014.7819,0.6058,0.2485,1.5145,0.0180
1790845014.8321,0.6074,0.2424,1.5153,0.0084
1790845014.8823,0.6091,0.2389,1.5157,0.0186
1790845014.9326,0.6124,0.2346,1.5159,0.0082
1790845014.9827,0.6148,0.2325,1.5162,0.0188
1790845015.0329,0.6189,0.2304,1.5166,0.0093
1790845015.0830,0.6218,0.2299,1.5169,0.0189
1790845015.1333,0.6260,0.2302,1.5174,0.0099
1790845015.1835,0.6286,0.2310,1.5176,0.0199
1790845015.2337,0.6321,0.2332,1.5177,0.0099
1790845015.2840,0.6341,0.2350,1.5177,0.0203
1790845015.3342,0.6364,0.2382,1.5175,0.0105
1790845015.3844,0.6379,0.2415,1.5173,0.0006
1790845015.4345,0.6386,0.2435,1.5171,0.0108
1790845015.4848,0.6388,0.2462,1.5167,0.0010
1790845015.5349,0.6386,0.2477,1.5164,0.0113
1790845015.5852,0.6377,0.2492,1.5159,0.0011
1790845015.6353,0.6368,0.2499,1.5155,0.0112
1790845015.6855,0.6353,0.2503,1.5148,0.0015
1790845015.7357,0.6342,0.2503,1.5144,0.0119
1790845015.7859,0.6324,0.2502,1.5138,0.0018
1790845015.8360,0.6313,0.2499,1.5134,0.0122
1790845015.8863,0.6297,0.2493,1.5127,0.0025
1790845015.9365,0.6289,0.2487,1.5123,0.0127
1790845015.9866,0.6278,0.2477,1.5117,0.0028
1790845016.0369,0.6272,0.2470,1.5112,0.0129
1790845016.0870,0.6266,0.2458,1.5106,0.0031
1790845016.1373,0.6263,0.2451,1.5102,0.0135
1790845016.1875,0.6262,0.2439,1.5096,0.0030
1790845016.2377,0.6262,0.2432,1.5094,0.0136
1790845016.2879,0.6264,0.2423,1.5090,0.0043
1790845016.3382,0.6266,0.2418,1.5089,0.0142
1790845016.3884,0.6269,0.2414,1.5088,0.0045
1790845016.4386,0.6270,0.2412,1.5089,0.0149
1790845016.4887,0.6271,0.2412,1.5094,0.0050
1790845016.5389,0.6271,0.2412,1.5098,0.0152
1790845016.5891,0.6268,0.2414,1.5105,0.0051
1790845016.6393,0.6265,0.2415,1.5110,0.0157
1790845016.6894,0.6259,0.2414,1.5118,0.0057
1790845016.7396,0.6253,0.2413,1.5124,0.0159
1790845016.7898,0.6244,0.2409,1.5131,0.0062
1790845016.8400,0.6238,0.2404,1.5135,0.0162
1790845016.8902,0.6228,0.2395,1.5138,0.0065
1790845016.9406,0.6222,0.2387,1.5139,0.0170
1790845016.9909,0.6213,0.2375,1.5137,0.0071
1790845017.0411,0.6208,0.2365,1.5135,0.0174
1790845017.0913,0.6200,0.2352,1.5129,0.0072
1790845017.1415,0.6197,0.2344,1.5125,0.0179
1790845017.1917,0.6194,0.2335,1.5119,0.0080
1790845017.2419,0.6192,0.2332,1.5115,0.0183
1790845017.2921,0.6190,0.2334,1.5109,0.0085
1790845017.3424,0.6190,0.2339,1.5106,0.0186
1790845017.3926,0.6191,0.2358,1.5107,0.0087
1790845017.4429,0.6191,0.2378,1.5110,0.0192
1790845017.4931,0.6192,0.2420,1.5122,0.0094
1790845017.5433,0.6192,0.2456,1.5133,0.0195
1790845017.5935,0.6192,0.2515,1.5157,0.0097
1790845017.6436,0.6192,0.2557,1.5176,0.0198
1790845017.6939,0.6193,0.2620,1.5214,0.0103
1790845017.7440,0.6191,0.2662,1.5244,0.0202
1790845017.7942,0.6189,0.2718,1.5296,0.0106
1790845017.8444,0.6187,0.2763,1.5354,0.0008
1790845017.8946,0.6186,0.2786,1.5396,0.0108
1790845017.9448,0.6183,0.2810,1.5459,0.0002
1790845017.9950,0.6182,0.2817,1.5502,0.0113
1790845018.0452,0.6179,0.2815,1.5566,0.0014
1790845018.0954,0.6176,0.2804,1.5609,0.0116
1790845018.1456,0.6170,0.2778,1.5671,0.0019
1790845018.1957,0.6165,0.2753,1.5712,0.0120
1790845018.2459,0.6156,0.2708,1.5771,0.0021
1790845018.2961,0.6151,0.2674,1.5809,0.0124
1790845018.3462,0.6144,0.2622,1.5863,0.0023
1790845018.3964,0.6140,0.2590,1.5897,0.0128
1790845018.4467,0.6137,0.2545,1.5945,0.0031
1790845018.4968,0.6136,0.2519,1.5976,0.0128
1790845018.5470,0.6139,0.2488,1.6019,0.0029
1790845018.5972,0.6142,0.2471,1.6045,0.0127
1790845018.6474,0.6151,0.2453,1.6079,0.0035
1790845018.6976,0.6158,0.2445,1.6100,0.0135
1790845018.7478,0.6172,0.2440,1.6128,0.0039
1790845018.7980,0.6181,0.2439,1.6142,0.0141
1790845018.8482,0.6197,0.2446,1.6161,0.0033
1790845018.8984,0.6207,0.2452,1.6170,0.0133
1790845018.9486,0.6223,0.2464,1.6180,0.0045
1790845018.9988,0.6231,0.2473,1.6184,0.0149
1790845019.0490,0.6242,0.2488,1.6188,0.0052
1790845019.0993,0.6246,0.2499,1.6190,0.0152
1790845019.1496,0.6249,0.2514,1.6192,0.0057
1790845019.1998,0.6249,0.2523,1.6191,0.0157
1790845019.2500,0.6245,0.2537,1.6189,0.0061
1790845019.3002,0.6241,0.2546,1.6186,0.0155
1790845019.3505,0.6231,0.2561,1.6180,0.0064
1790845019.4006,0.6223,0.2572,1.6177,0.0156
1790845019.4508,0.6207,0.2589,1.6170,0.0069
1790845019.5010,0.6194,0.2600,1.6164,0.0172
1790845019.5512,0.6171,0.2616,1.6155,0.0075
1790845019.6014,0.6155,0.2627,1.6148,0.0175
1790845019.6515,0.6131,0.2640,1.6138,0.0078
1790845019.7017,0.6117,0.2647,1.6132,0.0176
1790845019.7519,0.6098,0.2655,1.6126,0.0080
1790845019.8020,0.6089,0.2657,1.6123,0.0178
1790845019.8522,0.6081,0.2656,1.6119,0.0073
1790845019.9024,0.6080,0.2652,1.6118,0.0184
1790845019.9526,0.6086,0.2643,1.6118,0.0088
1790845020.0028,0.6093,0.2633,1.6118,0.0190
1790845020.0530,0.6110,0.2615,1.6119,0.0093
1790845020.1031,0.6122,0.2602,1.6120,0.0191
1790845020.1533,0.6142,0.2579,1.6121,0.0095
1790845020.2035,0.6154,0.2563,1.6122,0.0198
1790845020.2538,0.6171,0.2541,1.6121,0.0087
1790845020.3040,0.6181,0.2527,1.6120,0.0204
1790845020.3543,0.6192,0.2507,1.6116,0.0105
1790845020.4045,0.6201,0.2491,1.6112,0.0008
1790845020.4547,0.6206,0.2480,1.6109,0.0110
1790845020.5049,0.6212,0.2466,1.6105,0.0010
1790845020.5551,0.6215,0.2458,1.6103,0.0114
1790845020.6053,0.6218,0.2447,1.6099,0.0011
1790845020.6555,0.6220,0.2442,1.6096,0.0109
1790845020.7056,0.6224,0.2436,1.6091,0.0010
1790845020.7559,0.6226,0.2432,1.6088,0.0120
1790845020.8061,0.6228,0.2428,1.6084,0.0023
1790845020.8563,0.6229,0.2426,1.6082,0.0124
1790845020.9065,0.6228,0.2422,1.6078,0.0028
1790845020.9568,0.6225,0.2419,1.6076,0.0130
1790845021.0071,0.6220,0.2415,1.6072,0.0035
1790845021.0572,0.6216,0.2412,1.6069,0.0112
1790845021.1075,0.6207,0.2407,1.6066,0.0035
1790845021.1577,0.6200,0.2402,1.6064,0.0141
1790845021.2079,0.6188,0.2394,1.6063,0.0040
1790845021.2581,0.6180,0.2385,1.6064,0.0141
1790845021.3083,0.6166,0.2370,1.6068,0.0042
1790845021.3586,0.6154,0.2356,1.6071,0.0149
1790845021.4087,0.6137,0.2333,1.6078,0.0050
1790845021.4589,0.6124,0.2316,1.6085,0.0149
1790845021.5091,0.6103,0.2289,1.6101,0.0054
1790845021.5594,0.6089,0.2272,1.6115,0.0156
1790845021.6096,0.6069,0.2249,1.6143,0.0056
1790845021.6598,0.6056,0.2235,1.6166,0.0154
1790845021.7099,0.6040,0.2219,1.6208,0.0059
1790845021.7602,0.6031,0.2212,1.6240,0.0164
1790845021.8104,0.6020,0.2205,1.6295,0.0066
1790845021.8606,0.6014,0.2202,1.6336,0.0166
1790845021.9108,0.6008,0.2202,1.6403,0.0070
1790845021.9610,0.6005,0.2205,1.6452,0.0172
1790845022.0112,0.6001,0.2211,1.6533,0.0074
1790845022.0614,0.6000,0.2218,1.6588,0.0175
1790845022.1116,0.5998,0.2230,1.6674,0.0076
1790845022.1619,0.5999,0.2240,1.6730,0.0179
1790845022.2120,0.5999,0.2258,1.6809,0.0084
1790845022.2623,0.6002,0.2270,1.6859,0.0182
1790845022.3125,0.6006,0.2290,1.6929,0.0083
1790845022.3628,0.6009,0.2305,1.6971,0.0190
1790845022.4129,0.6017,0.2328,1.7027,0.0083
1790845022.4631,0.6023,0.2345,1.7059,0.0195
1790845022.5133,0.6033,0.2371,1.7102,0.0097
1790845022.5635,0.6041,0.2389,1.7127,0.0198
1790845022.6137,0.6053,0.2417,1.7157,0.0097
1790845022.6638,0.6062,0.2436,1.7173,0.0200
1790845022.7141,0.6074,0.2464,1.7192,0.0103
1790845022.7643,0.6086,0.2490,1.7208,0.0006
1790845022.8144,0.6094,0.2507,1.7217,0.0106
1790845022.8646,0.6103,0.2531,1.7226,0.0008
1790845022.9148,0.6108,0.2545,1.7231,0.0111
1790845022.9651,0.6113,0.2564,1.7235,0.0014
1790845023.0152,0.6116,0.2576,1.7237,0.0104
1790845023.0654,0.6117,0.2586,1.7238,0.0214
1790845023.1156,0.6117,0.2599,1.7238,0.0120
1790845023.1659,0.6113,0.2609,1.7235,0.0021
1790845023.2160,0.6111,0.2613,1.7231,0.0112
1790845023.2662,0.6107,0.2616,1.7223,0.0025
1790845023.3164,0.6104,0.2617,1.7216,0.0125
1790845023.3666,0.6101,0.2614,1.7205,0.0026
1790845023.4168,0.6099,0.2612,1.7197,0.0131
1790845023.4670,0.6096,0.2607,1.7183,0.0029
1790845023.5171,0.6095,0.2603,1.7175,0.0134
1790845023.5673,0.6095,0.2599,1.7165,0.0036
1790845023.6176,0.6096,0.2597,1.7159,0.0138
1790845023.6678,0.6098,0.2597,1.7152,0.0041
1790845023.7180,0.6101,0.2598,1.7148,0.0142
1790845023.7682,0.6107,0.2598,1.7142,0.0045
1790845023.8185,0.6112,0.2598,1.7137,0.0146
1790845023.8688,0.6120,0.2596,1.7131,0.0050
1790845023.9190,0.6125,0.2595,1.7127,0.0152
1790845023.9692,0.6134,0.2592,1.7122,0.0052
1790845024.0193,0.6139,0.2591,1.7119,0.0152
1790845024.0695,0.6148,0.2590,1.7113,0.0056
1790845024.1197,0.6154,0.2589,1.7107,0.0157
1790845024.1699,0.6164,0.2591,1.7098,0.0030
1790845024.2202,0.6171,0.2594,1.7091,0.0164
1790845024.2704,0.6181,0.2597,1.7081,0.0068
1790845024.3206,0.6186,0.2600,1.7076,0.0151
1790845024.3708,0.6193,0.2602,1.7068,0.0068
1790845024.4210,0.6196,0.2601,1.7064,0.0166
1790845024.4713,0.6199,0.2597,1.7058,0.0073
1790845024.5214,0.6199,0.2593,1.7054,0.0173
1790845024.5716,0.6198,0.2586,1.7049,0.0075
1790845024.6218,0.6196,0.2580,1.7047,0.0182
1790845024.6721,0.6193,0.2571,1.7043,0.0083
1790845024.7223,0.6190,0.2565,1.7042,0.0185
1790845024.7726,0.6182,0.2554,1.7038,0.0087
1790845024.8228,0.6176,0.2546,1.7035,0.0188
1790845024.8730,0.6164,0.2531,1.7031,0.0089
1790845024.9232,0.6156,0.2521,1.7028,0.0189
1790845024.9735,0.6142,0.2502,1.7025,0.0095
1790845025.0238,0.6127,0.2480,1.7022,0.0000
1790845025.0740,0.6117,0.2463,1.7021,0.0102
1790845025.1242,0.6108,0.2445,1.7021,0.0201
1790845025.1744,0.6096,0.2416,1.7020,0.0106
1790845025.2246,0.6085,0.2385,1.7019,0.0006
1790845025.2749,0.6083,0.2363,1.7019,0.0109
1790845025.3251,0.6082,0.2330,1.7018,0.0013
1790845025.3752,0.6085,0.2308,1.7018,0.0116
1790845025.4254,0.6094,0.2275,1.7021,0.0018
1790845025.4757,0.6104,0.2256,1.7025,0.0118
1790845025.5259,0.6125,0.2231,1.7037,0.0020
1790845025.5760,0.6140,0.2218,1.7047,0.0125
1790845025.6263,0.6167,0.2206,1.7068,0.0025
1790845025.6765,0.6186,0.2202,1.7087,0.0112
1790845025.7267,0.6216,0.2202,1.7121,0.0027
1790845025.7769,0.6237,0.2207,1.7148,0.0131
1790845025.8272,0.6266,0.2220,1.7195,0.0034
1790845025.8774,0.6283,0.2231,1.7230,0.0136
1790845025.9276,0.6306,0.2254,1.7289,0.0038
1790845025.9778,0.6318,0.2273,1.7331,0.0139
1790845026.0280,0.6333,0.2304,1.7401,0.0038
1790845026.0783,0.6340,0.2328,1.7451,0.0143
1790845026.1285,0.6348,0.2367,1.7529,0.0046
1790845026.1787,0.6350,0.2395,1.7582,0.0149
1790845026.2289,0.6349,0.2440,1.7660,0.0049
1790845026.2790,0.6346,0.2471,1.7710,0.0153
1790845026.3293,0.6336,0.2518,1.7782,0.0056
1790845026.3794,0.6327,0.2549,1.7827,0.0158
1790845026.4296,0.6308,0.2595,1.7890,0.0056
1790845026.4797,0.6293,0.2624,1.7929,0.0158
1790845026.5299,0.6267,0.2665,1.7982,0.0061
1790845026.5801,0.6247,0.2690,1.8014,0.0160
1790845026.6303,0.6214,0.2721,1.8058,0.0058
1790845026.6805,0.6191,0.2738,1.8082,0.0168
1790845026.7307,0.6158,0.2757,1.8112,0.0070
1790845026.7809,0.6137,0.2765,1.8128,0.0173
1790845026.8311,0.6106,0.2769,1.8147,0.0070
1790845026.8813,0.6088,0.2768,1.8156,0.0175
1790845026.9314,0.6066,0.2762,1.8166,0.0072
1790845026.9816,0.6053,0.2753,1.8170,0.0181
1790845027.0319,0.6039,0.2736,1.8174,0.0081
1790845027.0821,0.6031,0.2720,1.8176,0.0182
1790845027.1323,0.6023,0.2692,1.8177,0.0083
1790845027.1824,0.6021,0.2671,1.8178,0.0181
1790845027.2325,0.6019,0.2637,1.8181,0.0086
1790845027.2827,0.6019,0.2612,1.8182,0.0188
1790845027.3329,0.6021,0.2575,1.8183,0.0091
1790845027.3831,0.6022,0.2551,1.8184,0.0193
1790845027.4333,0.6026,0.2518,1.8183,0.0093
1790845027.4836,0.6032,0.2498,1.8182,0.0197
1790845027.5337,0.6040,0.2477,1.8181,0.0096
1790845027.5840,0.6052,0.2464,1.8182,0.0002
1790845027.6342,0.6061,0.2460,1.8181,0.0105
1790845027.6843,0.6076,0.2462,1.8180,0.0007
1790845027.7346,0.6087,0.2468,1.8179,0.0109
1790845027.7848,0.6105,0.2484,1.8180,0.0011
1790845027.8350,0.6117,0.2497,1.8180,0.0111
1790845027.8853,0.6130,0.2511,1.8182,0.0217
1790845027.9355,0.6147,0.2533,1.8184,0.0117
1790845027.9857,0.6163,0.2554,1.8187,0.0021
1790845028.0360,0.6173,0.2567,1.8188,0.0122
1790845028.0862,0.6188,0.2584,1.8190,0.0025
1790845028.1364,0.6196,0.2593,1.8191,0.0127
1790845028.1867,0.6206,0.2604,1.8189,0.0029
1790845028.2369,0.6212,0.2608,1.8186,0.0126
1790845028.2871,0.6217,0.2612,1.8180,0.0034
1790845028.3373,0.6218,0.2613,1.8175,0.0135
1790845028.3875,0.6217,0.2614,1.8166,0.0035
1790845028.4377,0.6213,0.2615,1.8159,0.0138
1790845028.4879,0.6204,0.2618,1.8150,0.0038
1790845028.5381,0.6197,0.2621,1.8144,0.0142
1790845028.5882,0.6183,0.2626,1.8137,0.0044
1790845028.6385,0.6173,0.2630,1.8134,0.0146
1790845028.6887,0.6157,0.2639,1.8132,0.0038
1790845028.7390,0.6147,0.2645,1.8133,0.0152
1790845028.7893,0.6130,0.2653,1.8135,0.0053
1790845028.8394,0.6119,0.2659,1.8136,0.0154
1790845028.8896,0.6102,0.2666,1.8135,0.0056
1790845028.9398,0.6091,0.2670,1.8133,0.0154
1790845028.9902,0.6075,0.2673,1.8126,0.0063
1790845029.0404,0.6064,0.2675,1.8120,0.0160
1790845029.0906,0.6046,0.2675,1.8113,0.0066
1790845029.1408,0.6033,0.2674,1.8109,0.0164
1790845029.1910,0.6013,0.2670,1.8104,0.0072
1790845029.2413,0.6001,0.2665,1.8102,0.0173
1790845029.2915,0.5985,0.2656,1.8098,0.0027
1790845029.3417,0.5976,0.2648,1.8095,0.0178
1790845029.3919,0.5967,0.2632,1.8087,0.0079
1790845029.4420,0.5964,0.2620,1.8082,0.0181
1790845029.4923,0.5962,0.2601,1.8075,0.0082
1790845029.5425,0.5964,0.2588,1.8074,0.0187
1790845029.5927,0.5972,0.2574,1.8078,0.0087
1790845029.6429,0.5980,0.2570,1.8085,0.0191
1790845029.6932,0.5995,0.2571,1.8102,0.0087
1790845029.7434,0.6007,0.2580,1.8119,0.0194
1790845029.7936,0.6027,0.2602,1.8149,0.0087
1790845029.8439,0.6049,0.2634,1.8187,0.0003
1790845029.8941,0.6062,0.2659,1.8217,0.0097
1790845029.9443,0.6082,0.2699,1.8272,0.0006
1790845029.9946,0.6093,0.2724,1.8314,0.0109
1790845030.0448,0.6106,0.2758,1.8382,0.0011
1790845030.0950,0.6112,0.2777,1.8430,0.0112
1790845030.1453,0.6115,0.2792,1.8480,0.0215
1790845030.1955,0.6116,0.2810,1.8559,0.0119
1790845030.2457,0.6114,0.2820,1.8638,0.0000
1790845030.2958,0.6112,0.2822,1.8691,0.0117
1790845030.3460,0.6110,0.2821,1.8768,0.0022
1790845030.3963,0.6108,0.2817,1.8819,0.0126
1790845030.4465,0.6105,0.2806,1.8891,0.0014
1790845030.4966,0.6103,0.2797,1.8937,0.0128
1790845030.5467,0.6099,0.2779,1.8999,0.0028
1790845030.5968,0.6096,0.2765,1.9036,0.0125
1790845030.6470,0.6091,0.2743,1.9083,0.0030
1790845030.6973,0.6089,0.2727,1.9107,0.0124
1790845030.7474,0.6085,0.2702,1.9133,0.0034
1790845030.7977,0.6082,0.2684,1.9144,0.0139
1790845030.8478,0.6077,0.2657,1.9154,0.0039
1790845030.8981,0.6072,0.2639,1.9156,0.0144
1790845030.9483,0.6063,0.2612,1.9155,0.0045
1790845030.9985,0.6056,0.2595,1.9152,0.0146
1790845031.0487,0.6048,0.2573,1.9145,0.0016
1790845031.0989,0.6045,0.2559,1.9140,0.0151
1790845031.1491,0.6045,0.2543,1.9132,0.0052
1790845031.1993,0.6048,0.2535,1.9128,0.0157
1790845031.2495,0.6056,0.2528,1.9124,0.0053
1790845031.2997,0.6064,0.2527,1.9121,0.0159
1790845031.3499,0.6080,0.2532,1.9119,0.0056
1790845031.4001,0.6092,0.2540,1.9118,0.0163
1790845031.4503,0.6112,0.2556,1.9115,0.0064
1790845031.5005,0.6128,0.2568,1.9114,0.0167
1790845031.5507,0.6151,0.2585,1.9113,0.0064
1790845031.6010,0.6167,0.2598,1.9112,0.0172
1790845031.6512,0.6188,0.2613,1.9110,0.0073
1790845031.7014,0.6200,0.2620,1.9110,0.0176
1790845031.7515,0.6215,0.2630,1.9111,0.0076
1790845031.8017,0.6224,0.2633,1.9112,0.0175
1790845031.8520,0.6233,0.2634,1.9116,0.0079
1790845031.9023,0.6239,0.2633,1.9119,0.0184
1790845031.9525,0.6247,0.2629,1.9123,0.0088
1790845032.0027,0.6251,0.2626,1.9125,0.0188
1790845032.0529,0.6258,0.2620,1.9127,0.0081
1790845032.1032,0.6262,0.2617,1.9125,0.0193
1790845032.1553,0.6267,0.2614,1.9122,0.0113
1790845032.2055,0.6270,0.2614,1.9117,0.0018
1790845032.2557,0.6270,0.2615,1.9112,0.0118
1790845032.3059,0.6270,0.2619,1.9102,0.0022
1790845032.3562,0.6266,0.2624,1.9092,0.0123
1790845032.4063,0.6259,0.2632,1.9077,0.0026
1790845032.4565,0.6251,0.2638,1.9065,0.0127
1790845032.5067,0.6238,0.2647,1.9048,0.0031
1790845032.5569,0.6228,0.2653,1.9037,0.0131
1790845032.6072,0.6214,0.2662,1.9021,0.0032
1790845032.6574,0.6205,0.2668,1.9012,0.0136
1790845032.7076,0.6195,0.2673,1.9000,0.0039
1790845032.7578,0.6190,0.2673,1.8994,0.0141
1790845032.8080,0.6184,0.2670,1.8988,0.0041
1790845032.8582,0.6182,0.2664,1.8986,0.0141
1790845032.9085,0.6181,0.2651,1.8989,0.0047
1790845032.9587,0.6180,0.2640,1.8993,0.0150
1790845033.0090,0.6181,0.2622,1.9003,0.0055
1790845033.0592,0.6181,0.2609,1.9011,0.0154
1790845033.1095,0.6181,0.2593,1.9023,0.0059
1790845033.1597,0.6181,0.2584,1.9030,0.0160
1790845033.2099,0.6182,0.2574,1.9039,0.0063
1790845033.2602,0.6181,0.2569,1.9044,0.0164
1790845033.3104,0.6183,0.2567,1.9051,0.0064
1790845033.3605,0.6185,0.2569,1.9056,0.0169
1790845033.4107,0.6190,0.2575,1.9061,0.0069
1790845033.4609,0.6194,0.2582,1.9065,0.0171
1790845033.5112,0.6200,0.2597,1.9073,0.0073
1790845033.5614,0.6204,0.2611,1.9080,0.0177
1790845033.6116,0.6209,0.2637,1.9093,0.0078
1790845033.6617,0.6211,0.2658,1.9105,0.0178
1790845033.7120,0.6211,0.2693,1.9129,0.0083
1790845033.7622,0.6210,0.2718,1.9149,0.0185
1790845033.8125,0.6205,0.2756,1.9185,0.0078
1790845033.8627,0.6198,0.2781,1.9213,0.0190
1790845033.9130,0.6183,0.2814,1.9261,0.0093
1790845033.9632,0.6171,0.2833,1.9296,0.0195
1790845034.0135,0.6150,0.2853,1.9354,0.0097
1790845034.0636,0.6136,0.2859,1.9394,0.0198
1790845034.1139,0.6116,0.2858,1.9458,0.0101
1790845034.1641,0.6098,0.2841,1.9523,0.0005
1790845034.2144,0.6089,0.2823,1.9566,0.0106
1790845034.2646,0.6079,0.2785,1.9631,0.0004
1790845034.3149,0.6075,0.2756,1.9674,0.0109
1790845034.3651,0.6076,0.2710,1.9736,0.0015
1790845034.4153,0.6079,0.2681,1.9775,0.0103
1790845034.4655,0.6093,0.2641,1.9834,0.0017
1790845034.5156,0.6105,0.2619,1.9870,0.0117
1790845034.5658,0.6130,0.2592,1.9919,0.0019
1790845034.6160,0.6148,0.2580,1.9949,0.0122
1790845034.6662,0.6177,0.2566,1.9989,0.0025
1790845034.7164,0.6197,0.2564,2.0014,0.0129
1790845034.7666,0.6224,0.2565,2.0048,0.0030
1790845034.8169,0.6241,0.2570,2.0069,0.0133
1790845034.8671,0.6262,0.2582,2.0096,0.0033
1790845034.9172,0.6274,0.2591,2.0112,0.0134
1790845034.9674,0.6285,0.2604,2.0133,0.0034
1790845035.0177,0.6290,0.2613,2.0145,0.0136
1790845035.0679,0.6291,0.2624,2.0160,0.0041
1790845035.1180,0.6289,0.2631,2.0168,0.0143
1790845035.1682,0.6283,0.2637,2.0177,0.0045
1790845035.2184,0.6276,0.2639,2.0182,0.0147
1790845035.2686,0.6264,0.2638,2.0186,0.0040
1790845035.3189,0.6255,0.2636,2.0188,0.0144
1790845035.3690,0.6239,0.2631,2.0191,0.0053
1790845035.4192,0.6227,0.2630,2.0194,0.0149
1790845035.4695,0.6208,0.2630,2.0198,0.0059
1790845035.5196,0.6196,0.2634,2.0200,0.0158
1790845035.5698,0.6176,0.2643,2.0203,0.0061
1790845035.6200,0.6163,0.2653,2.0205,0.0162
1790845035.6702,0.6143,0.2671,2.0206,0.0065
1790845035.7203,0.6130,0.2685,2.0207,0.0167
1790845035.7705,0.6110,0.2707,2.0206,0.0068
1790845035.8208,0.6096,0.2722,2.0204,0.0171
1790845035.8709,0.6075,0.2742,2.0202,0.0071
1790845035.9212,0.6060,0.2754,2.0200,0.0174
1790845035.9714,0.6039,0.2766,2.0196,0.0078
1790845036.0216,0.6025,0.2772,2.0193,0.0175
1790845036.0719,0.6005,0.2774,2.0189,0.0082
1790845036.1222,0.5994,0.2773,2.0186,0.0181
1790845036.1724,0.5979,0.2769,2.0181,0.0076
1790845036.2226,0.5971,0.2765,2.0178,0.0186
1790845036.2728,0.5961,0.2760,2.0172,0.0088
1790845036.3229,0.5955,0.2757,2.0169,0.0191
1790845036.3731,0.5949,0.2755,2.0166,0.0096
1790845036.4234,0.5944,0.2757,2.0165,0.0195
1790845036.4735,0.5937,0.2762,2.0166,0.0096
1790845036.5237,0.5933,0.2768,2.0166,0.0199
1790845036.5740,0.5926,0.2780,2.0166,0.0101
1790845036.6241,0.5920,0.2794,2.0164,0.0000
1790845036.6742,0.5916,0.2803,2.0163,0.0102
1790845036.7244,0.5909,0.2815,2.0161,0.0006
1790845036.7745,0.5905,0.2823,2.0160,0.0109
1790845036.8247,0.5901,0.2829,2.0158,0.0211
1790845036.8749,0.5896,0.2834,2.0156,0.0112
1790845036.9251,0.5892,0.2833,2.0155,0.0004
1790845036.9752,0.5891,0.2830,2.0155,0.0117
1790845037.0256,0.5891,0.2818,2.0154,0.0018
1790845037.0757,0.5892,0.2807,2.0154,0.0120
1790845037.1259,0.5897,0.2786,2.0153,0.0022
1790845037.1761,0.5902,0.2769,2.0152,0.0123
1790845037.2264,0.5910,0.2739,2.0151,0.0011
1790845037.2765,0.5916,0.2716,2.0150,0.0128
1790845037.3267,0.5925,0.2680,2.0149,0.0030
1790845037.3769,0.5931,0.2655,2.0150,0.0132
1790845037.4272,0.5940,0.2618,2.0154,0.0034
1790845037.4774,0.5945,0.2597,2.0159,0.0134
1790845037.5276,0.5952,0.2570,2.0170,0.0038
1790845037.5778,0.5957,0.2556,2.0180,0.0128
1790845037.6280,0.5964,0.2543,2.0198,0.0034
1790845037.6782,0.5968,0.2539,2.0213,0.0144
1790845037.7285,0.5974,0.2542,2.0239,0.0045
1790845037.7787,0.5979,0.2547,2.0259,0.0148
1790845037.8290,0.5985,0.2558,2.0295,0.0052
1790845037.8792,0.5988,0.2568,2.0322,0.0155
1790845037.9295,0.5990,0.2585,2.0368,0.0056
1790845037.9797,0.5991,0.2598,2.0402,0.0159
1790845038.0299,0.5990,0.2619,2.0458,0.0057
1790845038.0801,0.5987,0.2635,2.0496,0.0161
1790845038.1302,0.5980,0.2661,2.0555,0.0064
1790845038.1804,0.5974,0.2678,2.0594,0.0165
1790845038.2306,0.5962,0.2707,2.0656,0.0068
1790845038.2808,0.5953,0.2727,2.0698,0.0171
1790845038.3310,0.5937,0.2759,2.0762,0.0074
1790845038.3812,0.5925,0.2781,2.0805,0.0173
1790845038.4314,0.5909,0.2812,2.0866,0.0076
1790845038.4817,0.5899,0.2831,2.0905,0.0176
1790845038.5319,0.5884,0.2856,2.0959,0.0080
1790845038.5821,0.5876,0.2870,2.0993,0.0182
1790845038.6323,0.5868,0.2889,2.1041,0.0080
1790845038.6825,0.5866,0.2896,2.1070,0.0187
1790845038.7328,0.5867,0.2905,2.1108,0.0092
1790845038.7830,0.5870,0.2910,2.1129,0.0193
1790845038.8332,0.5876,0.2913,2.1153,0.0092
1790845038.8834,0.5882,0.2915,2.1165,0.0194
1790845038.9336,0.5890,0.2917,2.1179,0.0099
1790845038.9839,0.5898,0.2918,2.1188,0.0000
1790845039.0340,0.5902,0.2920,2.1193,0.0103
1790845039.0843,0.5908,0.2925,2.1199,0.0004
1790845039.1345,0.5911,0.2931,2.1203,0.0089
1790845039.1847,0.5913,0.2940,2.1207,0.0009
1790845039.2348,0.5913,0.2948,2.1208,0.0110
1790845039.2850,0.5914,0.2961,2.1208,0.0013
1790845039.3352,0.5912,0.2970,2.1207,0.0110
1790845039.3853,0.5910,0.2983,2.1205,0.0000
1790845039.4354,0.5907,0.2991,2.1202,0.0115
1790845039.4857,0.5901,0.2999,2.1198,0.0021
1790845039.5358,0.5897,0.3002,2.1194,0.0120
1790845039.5861,0.5889,0.3001,2.1187,0.0020
1790845039.6363,0.5883,0.2996,2.1183,0.0124
1790845039.6865,0.5874,0.2986,2.1177,0.0029
1790845039.7367,0.5868,0.2975,2.1173,0.0130
1790845039.7868,0.5860,0.2955,2.1171,0.0029
1790845039.8371,0.5857,0.2938,2.1170,0.0132
1790845039.8873,0.5854,0.2910,2.1172,0.0031
1790845039.9375,0.5854,0.2889,2.1174,0.0126
1790845039.9876,0.5858,0.2858,2.1177,0.0029
1790845040.0379,0.5863,0.2837,2.1180,0.0141
1790845040.0881,0.5871,0.2807,2.1185,0.0044
1790845040.1383,0.5878,0.2789,2.1187,0.0135
1790845040.1885,0.5886,0.2768,2.1189,0.0047
1790845040.2387,0.5891,0.2756,2.1190,0.0147
1790845040.2890,0.5896,0.2744,2.1188,0.0053
1790845040.3392,0.5898,0.2738,2.1186,0.0154
1790845040.3894,0.5900,0.2731,2.1181,0.0053
1790845040.4397,0.5901,0.2727,2.1178,0.0158
1790845040.4900,0.5900,0.2721,2.1174,0.0063
1790845040.5402,0.5898,0.2719,2.1170,0.0150
1790845040.5905,0.5895,0.2715,2.1164,0.0066
1790845040.6406,0.5892,0.2713,2.1160,0.0169
1790845040.6909,0.5886,0.2711,2.1154,0.0069
1790845040.7410,0.5881,0.2709,2.1150,0.0171
1790845040.7912,0.5872,0.2708,2.1145,0.0073
1790845040.8415,0.5865,0.2708,2.1142,0.0178
1790845040.8918,0.5856,0.2709,2.1139,0.0078
1790845040.9419,0.5849,0.2713,2.1138,0.0176
1790845040.9921,0.5840,0.2720,2.1137,0.0083
1790845041.0424,0.5835,0.2726,2.1136,0.0184
1790845041.0926,0.5828,0.2737,2.1135,0.0089
1790845041.1428,0.5824,0.2745,2.1133,0.0188
1790845041.1930,0.5817,0.2758,2.1128,0.0092
1790845041.2432,0.5813,0.2766,2.1124,0.0194
1790845041.2935,0.5808,0.2778,2.1117,0.0098
1790845041.3437,0.5804,0.2786,2.1110,0.0000
1790845041.3938,0.5800,0.2791,2.1106,0.0101
1790845041.4440,0.5795,0.2793,2.1102,0.0203
1790845041.4942,0.5788,0.2795,2.1099,0.0106
1790845041.5444,0.5782,0.2794,2.1099,0.0207
1790845041.5946,0.5773,0.2788,2.1102,0.0108
1790845041.6448,0.5763,0.2779,2.1111,0.0009
1790845041.6950,0.5756,0.2771,2.1121,0.0112
1790845041.7452,0.5747,0.2758,2.1140,0.0015
1790845041.7954,0.5741,0.2749,2.1158,0.0113
1790845041.8456,0.5735,0.2735,2.1191,0.0018
1790845041.8958,0.5731,0.2724,2.1218,0.0122
1790845041.9460,0.5728,0.2709,2.1263,0.0021
1790845041.9961,0.5727,0.2697,2.1298,0.0120
1790845042.0463,0.5729,0.2680,2.1357,0.0026
1790845042.0965,0.5733,0.2669,2.1399,0.0119
1790845042.1466,0.5742,0.2652,2.1467,0.0028
1790845042.1969,0.5749,0.2643,2.1514,0.0130
1790845042.2470,0.5762,0.2631,2.1584,0.0029
1790845042.2972,0.5773,0.2625,2.1630,0.0132
1790845042.3474,0.5792,0.2619,2.1696,0.0033
1790845042.3977,0.5805,0.2617,2.1739,0.0136
1790845042.4478,0.5825,0.2620,2.1800,0.0038
1790845042.4980,0.5837,0.2624,2.1839,0.0137
1790845042.5482,0.5853,0.2634,2.1894,0.0044
1790845042.5983,0.5863,0.2644,2.1928,0.0124
1790845042.6486,0.5874,0.2662,2.1975,0.0050
1790845042.6988,0.5880,0.2677,2.2003,0.0148
1790845042.7489,0.5884,0.2702,2.2042,0.0051
1790845042.7991,0.5886,0.2720,2.2065,0.0151
1790845042.8494,0.5887,0.2749,2.2094,0.0056
1790845042.8997,0.5887,0.2771,2.2110,0.0159
1790845042.9499,0.5886,0.2806,2.2130,0.0057
1790845043.0001,0.5884,0.2832,2.2140,0.0164
1790845043.0503,0.5880,0.2872,2.2150,0.0064
1790845043.1005,0.5876,0.2899,2.2154,0.0167
1790845043.1507,0.5871,0.2942,2.2154,0.0069
1790845043.2009,0.5866,0.2970,2.2152,0.0172
1790845043.2510,0.5860,0.3010,2.2148,0.0073
1790845043.3012,0.5854,0.3032,2.2144,0.0174
1790845043.3514,0.5847,0.3066,2.2137,0.0070
1790845043.4017,0.5842,0.3084,2.2134,0.0176
1790845043.4519,0.5833,0.3109,2.2129,0.0080
1790845043.5021,0.5827,0.3122,2.2127,0.0184
1790845043.5523,0.5818,0.3139,2.2125,0.0084
1790845043.6025,0.5813,0.3150,2.2124,0.0186
1790845043.6527,0.5806,0.3162,2.2126,0.0087
1790845043.7028,0.5801,0.3170,2.2129,0.0190
1790845043.7531,0.5796,0.3179,2.2135,0.0080
1790845043.8033,0.5795,0.3185,2.2141,0.0195
1790845043.8535,0.5796,0.3189,2.2150,0.0091
1790845043.9037,0.5801,0.3192,2.2159,0.0000
1790845043.9538,0.5807,0.3191,2.2164,0.0100
1790845044.0040,0.5816,0.3189,2.2168,0.0202
1790845044.0543,0.5832,0.3182,2.2172,0.0106
1790845044.1045,0.5853,0.3171,2.2172,0.0010
1790845044.1547,0.5867,0.3160,2.2169,0.0104
1790845044.2049,0.5889,0.3141,2.2162,0.0005
1790845044.2552,0.5904,0.3126,2.2157,0.0112
1790845044.3054,0.5921,0.3100,2.2147,0.0015
1790845044.3556,0.5930,0.3082,2.2142,0.0111
1790845044.4059,0.5937,0.3051,2.2133,0.0018
1790845044.4560,0.5938,0.3032,2.2127,0.0120
1790845044.5062,0.5935,0.3001,2.2117,0.0022
1790845044.5564,0.5929,0.2981,2.2110,0.0125
1790845044.6066,0.5918,0.2955,2.2097,0.0026
1790845044.6569,0.5909,0.2937,2.2090,0.0128
1790845044.7070,0.5895,0.2911,2.2080,0.0029
1790845044.7572,0.5887,0.2893,2.2076,0.0135
1790845044.8073,0.5873,0.2863,2.2070,0.0034
1790845044.8575,0.5866,0.2840,2.2068,0.0129
1790845044.9077,0.5856,0.2805,2.2069,0.0038
1790845044.9580,0.5851,0.2778,2.2070,0.0141
1790845045.0082,0.5848,0.2737,2.2076,0.0043
1790845045.0585,0.5848,0.2707,2.2080,0.0147
1790845045.1087,0.5852,0.2661,2.2086,0.0049
1790845045.1589,0.5857,0.2629,2.2088,0.0151
1790845045.2090,0.5868,0.2580,2.2093,0.0053
1790845045.2592,0.5876,0.2548,2.2096,0.0154
1790845045.3094,0.5890,0.2500,2.2099,0.0055
1790845045.3597,0.5900,0.2471,2.2100,0.0156
1790845045.4099,0.5913,0.2431,2.2101,0.0055
1790845045.4601,0.5922,0.2408,2.2100,0.0164
1790845045.5104,0.5934,0.2380,2.2099,0.0056
1790845045.5606,0.5941,0.2366,2.2099,0.0169
1790845045.6107,0.5952,0.2353,2.2104,0.0069
1790845045.6610,0.5958,0.2348,2.2110,0.0172
1790845045.7112,0.5969,0.2347,2.2123,0.0072
1790845045.7615,0.5977,0.2350,2.2135,0.0179
1790845045.8118,0.5990,0.2360,2.2161,0.0079
1790845045.8619,0.5999,0.2368,2.2183,0.0178
1790845045.9122,0.6010,0.2385,2.2224,0.0084
1790845045.9623,0.6017,0.2397,2.2256,0.0185
1790845046.0126,0.6025,0.2417,2.2308,0.0088
1790845046.0629,0.6028,0.2429,2.2346,0.0189
1790845046.1131,0.6031,0.2450,2.2407,0.0066
1790845046.1633,0.6031,0.2463,2.2451,0.0190
1790845046.2135,0.6026,0.2485,2.2521,0.0099
1790845046.2637,0.6022,0.2500,2.2569,0.0201
1790845046.3139,0.6013,0.2521,2.2642,0.0093
1790845046.3640,0.6001,0.2540,2.2713,0.0002
1790845046.4142,0.5993,0.2551,2.2760,0.0105
1790845046.4645,0.5981,0.2567,2.2826,0.0007
1790845046.5146,0.5973,0.2578,2.2867,0.0094
1790845046.5649,0.5963,0.2594,2.2926,0.0010
1790845046.6150,0.5955,0.2607,2.2962,0.0114
1790845046.6652,0.5944,0.2630,2.3012,0.0015
1790845046.7154,0.5937,0.2649,2.3043,0.0086
1790845046.7656,0.5929,0.2680,2.3083,0.0011
1790845046.8158,0.5923,0.2701,2.3106,0.0120
1790845046.8661,0.5917,0.2735,2.3135,0.0025
1790845046.9162,0.5913,0.2757,2.3152,0.0115
1790845046.9664,0.5907,0.2787,2.3171,0.0024
1790845047.0166,0.5903,0.2804,2.3181,0.0129
1790845047.0668,0.5897,0.2821,2.3191,0.0031
1790845047.1170,0.5891,0.2827,2.3194,0.0132
1790845047.1673,0.5880,0.2830,2.3195,0.0036
1790845047.2175,0.5872,0.2827,2.3193,0.0137
1790845047.2676,0.5859,0.2818,2.3188,0.0040
1790845047.3178,0.5850,0.2808,2.3185,0.0138
1790845047.3679,0.5838,0.2793,2.3180,0.0041
1790845047.4181,0.5829,0.2781,2.3177,0.0144
1790845047.4683,0.5818,0.2766,2.3173,0.0045
1790845047.5185,0.5810,0.2756,2.3170,0.0146
1790845047.5686,0.5802,0.2746,2.3166,0.0048
1790845047.6188,0.5796,0.2740,2.3162,0.0151
1790845047.6691,0.5790,0.2735,2.3156,0.0055
1790845047.7193,0.5788,0.2733,2.3152,0.0153
1790845047.7695,0.5785,0.2735,2.3144,0.0057
1790845047.8197,0.5785,0.2737,2.3138,0.0160
1790845047.8699,0.5785,0.2742,2.3129,0.0062
1790845047.9202,0.5785,0.2747,2.3124,0.0166
1790845047.9704,0.5785,0.2755,2.3117,0.0066
1790845048.0207,0.5786,0.2761,2.3113,0.0170
1790845048.0709,0.5787,0.2772,2.3107,0.0048
1790845048.1211,0.5786,0.2780,2.3105,0.0172
1790845048.1714,0.5782,0.2790,2.3103,0.0076
1790845048.2216,0.5779,0.2796,2.3103,0.0178
1790845048.2718,0.5772,0.2801,2.3104,0.0084
1790845048.3220,0.5765,0.2802,2.3105,0.0182
1790845048.3722,0.5752,0.2800,2.3105,0.0083
1790845048.4223,0.5743,0.2796,2.3106,0.0186
1790845048.4725,0.5726,0.2786,2.3106,0.0078
1790845048.5228,0.5714,0.2778,2.3105,0.0190
1790845048.5729,0.5693,0.2765,2.3103,0.0080
1790845048.6231,0.5679,0.2755,2.3101,0.0185
1790845048.6733,0.5656,0.2742,2.3098,0.0094
1790845048.7235,0.5640,0.2736,2.3095,0.0197
1790845048.7736,0.5617,0.2726,2.3090,0.0098
1790845048.8238,0.5603,0.2722,2.3086,0.0201
1790845048.8740,0.5583,0.2718,2.3081,0.0101
1790845048.9242,0.5570,0.2721,2.3078,0.0205
1790845048.9745,0.5555,0.2724,2.3074,0.0107
1790845049.0247,0.5546,0.2731,2.3071,0.0009
1790845049.0751,0.5543,0.2737,2.3069,0.0110
1790845049.1252,0.5543,0.2750,2.3067,0.0015
1790845049.1755,0.5546,0.2761,2.3067,0.0116
1790845049.2257,0.5557,0.2776,2.3068,0.0018
1790845049.2759,0.5568,0.2789,2.3069,0.0111
1790845049.3262,0.5588,0.2806,2.3069,0.0023
1790845049.3763,0.5603,0.2818,2.3069,0.0123
1790845049.4265,0.5627,0.2836,2.3069,0.0026
1790845049.4766,0.5642,0.2847,2.3072,0.0126
1790845049.5268,0.5665,0.2860,2.3078,0.0017
1790845049.5770,0.5680,0.2867,2.3086,0.0132
1790845049.6272,0.5698,0.2873,2.3104,0.0036
1790845049.6774,0.5708,0.2875,2.3121,0.0133
1790845049.7277,0.5723,0.2872,2.3149,0.0041
1790845049.7779,0.5732,0.2868,2.3172,0.0142
1790845049.8280,0.5743,0.2860,2.3211,0.0042
1790845049.8782,0.5749,0.2853,2.3241,0.0133
1790845049.9283,0.5757,0.2844,2.3290,0.0030
1790845049.9785,0.5762,0.2839,2.3326,0.0147
1790845050.0288,0.5765,0.2832,2.3384,0.0051
1790845050.0790,0.5765,0.2830,2.3426,0.0142
1790845050.1292,0.5764,0.2831,2.3494,0.0043
1790845050.1795,0.5763,0.2835,2.3540,0.0159
1790845050.2296,0.5757,0.2841,2.3610,0.0059
1790845050.2798,0.5751,0.2847,2.3658,0.0161
1790845050.3301,0.5740,0.2856,2.3727,0.0064
1790845050.3803,0.5730,0.2861,2.3772,0.0166
1790845050.4305,0.5712,0.2868,2.3836,0.0065
1790845050.4808,0.5699,0.2872,2.3876,0.0168
1790845050.5309,0.5676,0.2876,2.3932,0.0068
1790845050.5811,0.5661,0.2879,2.3966,0.0172
1790845050.6314,0.5636,0.2881,2.4011,0.0045
1790845050.6815,0.5620,0.2880,2.4037,0.0167
1790845050.7318,0.5597,0.2880,2.4071,0.0080
1790845050.7820,0.5582,0.2878,2.4090,0.0180
1790845050.8321,0.5563,0.2877,2.4112,0.0081
1790845050.8823,0.5552,0.2874,2.4125,0.0184
1790845050.9325,0.5538,0.2871,2.4141,0.0088
1790845050.9828,0.5529,0.2869,2.4149,0.0189
1790845051.0329,0.5517,0.2866,2.4156,0.0091
1790845051.0832,0.5510,0.2864,2.4159,0.0191
1790845051.1334,0.5499,0.2861,2.4161,0.0095
1790845051.1835,0.5491,0.2860,2.4162,0.0196
1790845051.2337,0.5479,0.2862,2.4163,0.0091
1790845051.2839,0.5467,0.2865,2.4164,0.0002
1790845051.3340,0.5458,0.2869,2.4165,0.0103
1790845051.3843,0.5447,0.2874,2.4165,0.0003
1790845051.4345,0.5440,0.2876,2.4165,0.0105
1790845051.4848,0.5429,0.2880,2.4164,0.0010
1790845051.5350,0.5424,0.2882,2.4163,0.0112
1790845051.5852,0.5419,0.2884,2.4163,0.0015
1790845051.6355,0.5416,0.2884,2.4163,0.0109
1790845051.6856,0.5412,0.2881,2.4164,0.0017
1790845051.7358,0.5410,0.2878,2.4164,0.0119
1790845051.7860,0.5409,0.2872,2.4165,0.0021
1790845051.8362,0.5410,0.2867,2.4166,0.0124
1790845051.8864,0.5414,0.2859,2.4168,0.0022
1790845051.9366,0.5418,0.2852,2.4168,0.0123
1790845051.9868,0.5426,0.2842,2.4170,0.0026
1790845052.0370,0.5433,0.2835,2.4170,0.0131
1790845052.0872,0.5447,0.2822,2.4171,0.0022
1790845052.1374,0.5457,0.2814,2.4171,0.0136
1790845052.1877,0.5475,0.2800,2.4170,0.0039
1790845052.2378,0.5488,0.2790,2.4169,0.0139
1790845052.2880,0.5509,0.2774,2.4167,0.0038
1790845052.3382,0.5522,0.2762,2.4166,0.0123
1790845052.3884,0.5543,0.2745,2.4164,0.0044
1790845052.4386,0.5556,0.2735,2.4162,0.0143
1790845052.4888,0.5572,0.2720,2.4157,0.0043
1790845052.5390,0.5582,0.2711,2.4152,0.0153
1790845052.5893,0.5592,0.2697,2.4147,0.0055
1790845052.6395,0.5597,0.2689,2.4146,0.0150
1790845052.6896,0.5604,0.2678,2.4144,0.0061
1790845052.7398,0.5606,0.2671,2.4143,0.0162
1790845052.7900,0.5609,0.2658,2.4140,0.0061
1790845052.8402,0.5610,0.2648,2.4139,0.0163
1790845052.8904,0.5608,0.2631,2.4135,0.0066
1790845052.9406,0.5606,0.2618,2.4132,0.0166
1790845052.9908,0.5600,0.2598,2.4127,0.0071
1790845053.0410,0.5595,0.2583,2.4124,0.0158
